1,fournisseur1,ville1
2,fournisseur2,ville2
3,fournisseur3,ville3
4,fournisseur4,ville4
5,fournisseur5,ville5
6,fournisseur6,ville6
7,fournisseur7,ville7
8,fournisseur8,ville8
9,fournisseur9,ville9
10,fournisseur10,ville10
11,fournisseur11,ville11
12,fournisseur12,ville12
13,fournisseur13,ville13
14,fournisseur14,ville14
15,fournisseur15,ville15
16,fournisseur16,ville16
17,fournisseur17,ville17
18,fournisseur18,ville18
19,fournisseur19,ville19
20,fournisseur20,ville20
21,fournisseur21,ville21
22,fournisseur22,ville22
23,fournisseur23,ville23
24,fournisseur24,ville24
25,fournisseur25,ville25
26,fournisseur26,ville26
27,fournisseur27,ville27
28,fournisseur28,ville28
29,fournisseur29,ville29
30,fournisseur30,ville30
31,fournisseur31,ville31
32,fournisseur32,ville32
33,fournisseur33,ville33
34,fournisseur34,ville34
35,fournisseur35,ville35
36,fournisseur36,ville36
37,fournisseur37,ville37
38,fournisseur38,ville38
39,fournisseur39,ville39
40,fournisseur40,ville40
41,fournisseur41,ville41
42,fournisseur42,ville42
43,fournisseur43,ville43
44,fournisseur44,ville44
45,fournisseur45,ville45
46,fournisseur46,ville46
47,fournisseur47,ville47
48,fournisseur48,ville48
49,fournisseur49,ville49
50,fournisseur50,ville50
51,fournisseur51,ville51
52,fournisseur52,ville52
53,fournisseur53,ville53
54,fournisseur54,ville54
55,fournisseur55,ville55
56,fournisseur56,ville56
57,fournisseur57,ville57
58,fournisseur58,ville58
59,fournisseur59,ville59
60,fournisseur60,ville60
61,fournisseur61,ville61
62,fournisseur62,ville62
63,fournisseur63,ville63
64,fournisseur64,ville64
65,fournisseur65,ville65
66,fournisseur66,ville66
67,fournisseur67,ville67
68,fournisseur68,ville68
69,fournisseur69,ville69
70,fournisseur70,ville70
71,fournisseur71,ville71
72,fournisseur72,ville72
73,fournisseur73,ville73
74,fournisseur74,ville74
75,fournisseur75,ville75
76,fournisseur76,ville76
77,fournisseur77,ville77
78,fournisseur78,ville78
79,fournisseur79,ville79
80,fournisseur80,ville80
81,fournisseur81,ville81
82,fournisseur82,ville82
83,fournisseur83,ville83
84,fournisseur84,ville84
85,fournisseur85,ville85
86,fournisseur86,ville86
87,fournisseur87,ville87
88,fournisseur88,ville88
89,fournisseur89,ville89
90,fournisseur90,ville90
91,fournisseur91,ville91
92,fournisseur92,ville92
93,fournisseur93,ville93
94,fournisseur94,ville94
95,fournisseur95,ville95
96,fournisseur96,ville96
97,fournisseur97,ville97
98,fournisseur98,ville98
99,fournisseur99,ville99
100,fournisseur100,ville100
101,fournisseur101,ville101
102,fournisseur102,ville102
103,fournisseur103,ville103
104,fournisseur104,ville104
105,fournisseur105,ville105
106,fournisseur106,ville106
107,fournisseur107,ville107
108,fournisseur108,ville108
109,fournisseur109,ville109
110,fournisseur110,ville110
111,fournisseur111,ville111
112,fournisseur112,ville112
113,fournisseur113,ville113
114,fournisseur114,ville114
115,fournisseur115,ville115
116,fournisseur116,ville116
117,fournisseur117,ville117
118,fournisseur118,ville118
119,fournisseur119,ville119
120,fournisseur120,ville120
121,fournisseur121,ville121
122,fournisseur122,ville122
123,fournisseur123,ville123
124,fournisseur124,ville124
125,fournisseur125,ville125
126,fournisseur126,ville126
127,fournisseur127,ville127
128,fournisseur128,ville128
129,fournisseur129,ville129
130,fournisseur130,ville130
131,fournisseur131,ville131
132,fournisseur132,ville132
133,fournisseur133,ville133
134,fournisseur134,ville134
135,fournisseur135,ville135
136,fournisseur136,ville136
137,fournisseur137,ville137
138,fournisseur138,ville138
139,fournisseur139,ville139
140,fournisseur140,ville140
141,fournisseur141,ville141
142,fournisseur142,ville142
143,fournisseur143,ville143
144,fournisseur144,ville144
145,fournisseur145,ville145
146,fournisseur146,ville146
147,fournisseur147,ville147
148,fournisseur148,ville148
149,fournisseur149,ville149
150,fournisseur150,ville150
151,fournisseur151,ville151
152,fournisseur152,ville152
153,fournisseur153,ville153
154,fournisseur154,ville154
155,fournisseur155,ville155
156,fournisseur156,ville156
157,fournisseur157,ville157
158,fournisseur158,ville158
159,fournisseur159,ville159
160,fournisseur160,ville160
161,fournisseur161,ville161
162,fournisseur162,ville162
163,fournisseur163,ville163
164,fournisseur164,ville164
165,fournisseur165,ville165
166,fournisseur166,ville166
167,fournisseur167,ville167
168,fournisseur168,ville168
169,fournisseur169,ville169
170,fournisseur170,ville170
171,fournisseur171,ville171
172,fournisseur172,ville172
173,fournisseur173,ville173
174,fournisseur174,ville174
175,fournisseur175,ville175
176,fournisseur176,ville176
177,fournisseur177,ville177
178,fournisseur178,ville178
179,fournisseur179,ville179
180,fournisseur180,ville180
181,fournisseur181,ville181
182,fournisseur182,ville182
183,fournisseur183,ville183
184,fournisseur184,ville184
185,fournisseur185,ville185
186,fournisseur186,ville186
187,fournisseur187,ville187
188,fournisseur188,ville188
189,fournisseur189,ville189
190,fournisseur190,ville190
191,fournisseur191,ville191
192,fournisseur192,ville192
193,fournisseur193,ville193
194,fournisseur194,ville194
195,fournisseur195,ville195
196,fournisseur196,ville196
197,fournisseur197,ville197
198,fournisseur198,ville198
199,fournisseur199,ville199
200,fournisseur200,ville200
201,fournisseur201,ville201
202,fournisseur202,ville202
203,fournisseur203,ville203
204,fournisseur204,ville204
205,fournisseur205,ville205
206,fournisseur206,ville206
207,fournisseur207,ville207
208,fournisseur208,ville208
209,fournisseur209,ville209
210,fournisseur210,ville210
211,fournisseur211,ville211
212,fournisseur212,ville212
213,fournisseur213,ville213
214,fournisseur214,ville214
215,fournisseur215,ville215
216,fournisseur216,ville216
217,fournisseur217,ville217
218,fournisseur218,ville218
219,fournisseur219,ville219
220,fournisseur220,ville220
221,fournisseur221,ville221
222,fournisseur222,ville222
223,fournisseur223,ville223
224,fournisseur224,ville224
225,fournisseur225,ville225
226,fournisseur226,ville226
227,fournisseur227,ville227
228,fournisseur228,ville228
229,fournisseur229,ville229
230,fournisseur230,ville230
231,fournisseur231,ville231
232,fournisseur232,ville232
233,fournisseur233,ville233
234,fournisseur234,ville234
235,fournisseur235,ville235
236,fournisseur236,ville236
237,fournisseur237,ville237
238,fournisseur238,ville238
239,fournisseur239,ville239
240,fournisseur240,ville240
241,fournisseur241,ville241
242,fournisseur242,ville242
243,fournisseur243,ville243
244,fournisseur244,ville244
245,fournisseur245,ville245
246,fournisseur246,ville246
247,fournisseur247,ville247
248,fournisseur248,ville248
249,fournisseur249,ville249
250,fournisseur250,ville250
251,fournisseur251,ville251
252,fournisseur252,ville252
253,fournisseur253,ville253
254,fournisseur254,ville254
255,fournisseur255,ville255
256,fournisseur256,ville256
257,fournisseur257,ville257
258,fournisseur258,ville258
259,fournisseur259,ville259
260,fournisseur260,ville260
261,fournisseur261,ville261
262,fournisseur262,ville262
263,fournisseur263,ville263
264,fournisseur264,ville264
265,fournisseur265,ville265
266,fournisseur266,ville266
267,fournisseur267,ville267
268,fournisseur268,ville268
269,fournisseur269,ville269
270,fournisseur270,ville270
271,fournisseur271,ville271
272,fournisseur272,ville272
273,fournisseur273,ville273
274,fournisseur274,ville274
275,fournisseur275,ville275
276,fournisseur276,ville276
277,fournisseur277,ville277
278,fournisseur278,ville278
279,fournisseur279,ville279
280,fournisseur280,ville280
281,fournisseur281,ville281
282,fournisseur282,ville282
283,fournisseur283,ville283
284,fournisseur284,ville284
285,fournisseur285,ville285
286,fournisseur286,ville286
287,fournisseur287,ville287
288,fournisseur288,ville288
289,fournisseur289,ville289
290,fournisseur290,ville290
291,fournisseur291,ville291
292,fournisseur292,ville292
293,fournisseur293,ville293
294,fournisseur294,ville294
295,fournisseur295,ville295
296,fournisseur296,ville296
297,fournisseur297,ville297
298,fournisseur298,ville298
299,fournisseur299,ville299
300,fournisseur300,ville300
301,fournisseur301,ville301
302,fournisseur302,ville302
303,fournisseur303,ville303
304,fournisseur304,ville304
305,fournisseur305,ville305
306,fournisseur306,ville306
307,fournisseur307,ville307
308,fournisseur308,ville308
309,fournisseur309,ville309
310,fournisseur310,ville310
311,fournisseur311,ville311
312,fournisseur312,ville312
313,fournisseur313,ville313
314,fournisseur314,ville314
315,fournisseur315,ville315
316,fournisseur316,ville316
317,fournisseur317,ville317
318,fournisseur318,ville318
319,fournisseur319,ville319
320,fournisseur320,ville320
321,fournisseur321,ville321
322,fournisseur322,ville322
323,fournisseur323,ville323
324,fournisseur324,ville324
325,fournisseur325,ville325
326,fournisseur326,ville326
327,fournisseur327,ville327
328,fournisseur328,ville328
329,fournisseur329,ville329
330,fournisseur330,ville330
331,fournisseur331,ville331
332,fournisseur332,ville332
333,fournisseur333,ville333
334,fournisseur334,ville334
335,fournisseur335,ville335
336,fournisseur336,ville336
337,fournisseur337,ville337
338,fournisseur338,ville338
339,fournisseur339,ville339
340,fournisseur340,ville340
341,fournisseur341,ville341
342,fournisseur342,ville342
343,fournisseur343,ville343
344,fournisseur344,ville344
345,fournisseur345,ville345
346,fournisseur346,ville346
347,fournisseur347,ville347
348,fournisseur348,ville348
349,fournisseur349,ville349
350,fournisseur350,ville350
351,fournisseur351,ville351
352,fournisseur352,ville352
353,fournisseur353,ville353
354,fournisseur354,ville354
355,fournisseur355,ville355
356,fournisseur356,ville356
357,fournisseur357,ville357
358,fournisseur358,ville358
359,fournisseur359,ville359
360,fournisseur360,ville360
361,fournisseur361,ville361
362,fournisseur362,ville362
363,fournisseur363,ville363
364,fournisseur364,ville364
365,fournisseur365,ville365
366,fournisseur366,ville366
367,fournisseur367,ville367
368,fournisseur368,ville368
369,fournisseur369,ville369
370,fournisseur370,ville370
371,fournisseur371,ville371
372,fournisseur372,ville372
373,fournisseur373,ville373
374,fournisseur374,ville374
375,fournisseur375,ville375
376,fournisseur376,ville376
377,fournisseur377,ville377
378,fournisseur378,ville378
379,fournisseur379,ville379
380,fournisseur380,ville380
381,fournisseur381,ville381
382,fournisseur382,ville382
383,fournisseur383,ville383
384,fournisseur384,ville384
385,fournisseur385,ville385
386,fournisseur386,ville386
387,fournisseur387,ville387
388,fournisseur388,ville388
389,fournisseur389,ville389
390,fournisseur390,ville390
391,fournisseur391,ville391
392,fournisseur392,ville392
393,fournisseur393,ville393
394,fournisseur394,ville394
395,fournisseur395,ville395
396,fournisseur396,ville396
397,fournisseur397,ville397
398,fournisseur398,ville398
399,fournisseur399,ville399
400,fournisseur400,ville400
401,fournisseur401,ville401
402,fournisseur402,ville402
403,fournisseur403,ville403
404,fournisseur404,ville404
405,fournisseur405,ville405
406,fournisseur406,ville406
407,fournisseur407,ville407
408,fournisseur408,ville408
409,fournisseur409,ville409
410,fournisseur410,ville410
411,fournisseur411,ville411
412,fournisseur412,ville412
413,fournisseur413,ville413
414,fournisseur414,ville414
415,fournisseur415,ville415
416,fournisseur416,ville416
417,fournisseur417,ville417
418,fournisseur418,ville418
419,fournisseur419,ville419
420,fournisseur420,ville420
421,fournisseur421,ville421
422,fournisseur422,ville422
423,fournisseur423,ville423
424,fournisseur424,ville424
425,fournisseur425,ville425
426,fournisseur426,ville426
427,fournisseur427,ville427
428,fournisseur428,ville428
429,fournisseur429,ville429
430,fournisseur430,ville430
431,fournisseur431,ville431
432,fournisseur432,ville432
433,fournisseur433,ville433
434,fournisseur434,ville434
435,fournisseur435,ville435
436,fournisseur436,ville436
437,fournisseur437,ville437
438,fournisseur438,ville438
439,fournisseur439,ville439
440,fournisseur440,ville440
441,fournisseur441,ville441
442,fournisseur442,ville442
443,fournisseur443,ville443
444,fournisseur444,ville444
445,fournisseur445,ville445
446,fournisseur446,ville446
447,fournisseur447,ville447
448,fournisseur448,ville448
449,fournisseur449,ville449
450,fournisseur450,ville450
451,fournisseur451,ville451
452,fournisseur452,ville452
453,fournisseur453,ville453
454,fournisseur454,ville454
455,fournisseur455,ville455
456,fournisseur456,ville456
457,fournisseur457,ville457
458,fournisseur458,ville458
459,fournisseur459,ville459
460,fournisseur460,ville460
461,fournisseur461,ville461
462,fournisseur462,ville462
463,fournisseur463,ville463
464,fournisseur464,ville464
465,fournisseur465,ville465
466,fournisseur466,ville466
467,fournisseur467,ville467
468,fournisseur468,ville468
469,fournisseur469,ville469
470,fournisseur470,ville470
471,fournisseur471,ville471
472,fournisseur472,ville472
473,fournisseur473,ville473
474,fournisseur474,ville474
475,fournisseur475,ville475
476,fournisseur476,ville476
477,fournisseur477,ville477
478,fournisseur478,ville478
479,fournisseur479,ville479
480,fournisseur480,ville480
481,fournisseur481,ville481
482,fournisseur482,ville482
483,fournisseur483,ville483
484,fournisseur484,ville484
485,fournisseur485,ville485
486,fournisseur486,ville486
487,fournisseur487,ville487
488,fournisseur488,ville488
489,fournisseur489,ville489
490,fournisseur490,ville490
491,fournisseur491,ville491
492,fournisseur492,ville492
493,fournisseur493,ville493
494,fournisseur494,ville494
495,fournisseur495,ville495
496,fournisseur496,ville496
497,fournisseur497,ville497
498,fournisseur498,ville498
499,fournisseur499,ville499
500,fournisseur500,ville500
501,fournisseur501,ville501
502,fournisseur502,ville502
503,fournisseur503,ville503
504,fournisseur504,ville504
505,fournisseur505,ville505
506,fournisseur506,ville506
507,fournisseur507,ville507
508,fournisseur508,ville508
509,fournisseur509,ville509
510,fournisseur510,ville510
511,fournisseur511,ville511
512,fournisseur512,ville512
513,fournisseur513,ville513
514,fournisseur514,ville514
515,fournisseur515,ville515
516,fournisseur516,ville516
517,fournisseur517,ville517
518,fournisseur518,ville518
519,fournisseur519,ville519
520,fournisseur520,ville520
521,fournisseur521,ville521
522,fournisseur522,ville522
523,fournisseur523,ville523
524,fournisseur524,ville524
525,fournisseur525,ville525
526,fournisseur526,ville526
527,fournisseur527,ville527
528,fournisseur528,ville528
529,fournisseur529,ville529
530,fournisseur530,ville530
531,fournisseur531,ville531
532,fournisseur532,ville532
533,fournisseur533,ville533
534,fournisseur534,ville534
535,fournisseur535,ville535
536,fournisseur536,ville536
537,fournisseur537,ville537
538,fournisseur538,ville538
539,fournisseur539,ville539
540,fournisseur540,ville540
541,fournisseur541,ville541
542,fournisseur542,ville542
543,fournisseur543,ville543
544,fournisseur544,ville544
545,fournisseur545,ville545
546,fournisseur546,ville546
547,fournisseur547,ville547
548,fournisseur548,ville548
549,fournisseur549,ville549
550,fournisseur550,ville550
551,fournisseur551,ville551
552,fournisseur552,ville552
553,fournisseur553,ville553
554,fournisseur554,ville554
555,fournisseur555,ville555
556,fournisseur556,ville556
557,fournisseur557,ville557
558,fournisseur558,ville558
559,fournisseur559,ville559
560,fournisseur560,ville560
561,fournisseur561,ville561
562,fournisseur562,ville562
563,fournisseur563,ville563
564,fournisseur564,ville564
565,fournisseur565,ville565
566,fournisseur566,ville566
567,fournisseur567,ville567
568,fournisseur568,ville568
569,fournisseur569,ville569
570,fournisseur570,ville570
571,fournisseur571,ville571
572,fournisseur572,ville572
573,fournisseur573,ville573
574,fournisseur574,ville574
575,fournisseur575,ville575
576,fournisseur576,ville576
577,fournisseur577,ville577
578,fournisseur578,ville578
579,fournisseur579,ville579
580,fournisseur580,ville580
581,fournisseur581,ville581
582,fournisseur582,ville582
583,fournisseur583,ville583
584,fournisseur584,ville584
585,fournisseur585,ville585
586,fournisseur586,ville586
587,fournisseur587,ville587
588,fournisseur588,ville588
589,fournisseur589,ville589
590,fournisseur590,ville590
591,fournisseur591,ville591
592,fournisseur592,ville592
593,fournisseur593,ville593
594,fournisseur594,ville594
595,fournisseur595,ville595
596,fournisseur596,ville596
597,fournisseur597,ville597
598,fournisseur598,ville598
599,fournisseur599,ville599
600,fournisseur600,ville600
601,fournisseur601,ville601
602,fournisseur602,ville602
603,fournisseur603,ville603
604,fournisseur604,ville604
605,fournisseur605,ville605
606,fournisseur606,ville606
607,fournisseur607,ville607
608,fournisseur608,ville608
609,fournisseur609,ville609
610,fournisseur610,ville610
611,fournisseur611,ville611
612,fournisseur612,ville612
613,fournisseur613,ville613
614,fournisseur614,ville614
615,fournisseur615,ville615
616,fournisseur616,ville616
617,fournisseur617,ville617
618,fournisseur618,ville618
619,fournisseur619,ville619
620,fournisseur620,ville620
621,fournisseur621,ville621
622,fournisseur622,ville622
623,fournisseur623,ville623
624,fournisseur624,ville624
625,fournisseur625,ville625
626,fournisseur626,ville626
627,fournisseur627,ville627
628,fournisseur628,ville628
629,fournisseur629,ville629
630,fournisseur630,ville630
631,fournisseur631,ville631
632,fournisseur632,ville632
633,fournisseur633,ville633
634,fournisseur634,ville634
635,fournisseur635,ville635
636,fournisseur636,ville636
637,fournisseur637,ville637
638,fournisseur638,ville638
639,fournisseur639,ville639
640,fournisseur640,ville640
641,fournisseur641,ville641
642,fournisseur642,ville642
643,fournisseur643,ville643
644,fournisseur644,ville644
645,fournisseur645,ville645
646,fournisseur646,ville646
647,fournisseur647,ville647
648,fournisseur648,ville648
649,fournisseur649,ville649
650,fournisseur650,ville650
651,fournisseur651,ville651
652,fournisseur652,ville652
653,fournisseur653,ville653
654,fournisseur654,ville654
655,fournisseur655,ville655
656,fournisseur656,ville656
657,fournisseur657,ville657
658,fournisseur658,ville658
659,fournisseur659,ville659
660,fournisseur660,ville660
661,fournisseur661,ville661
662,fournisseur662,ville662
663,fournisseur663,ville663
664,fournisseur664,ville664
665,fournisseur665,ville665
666,fournisseur666,ville666
667,fournisseur667,ville667
668,fournisseur668,ville668
669,fournisseur669,ville669
670,fournisseur670,ville670
671,fournisseur671,ville671
672,fournisseur672,ville672
673,fournisseur673,ville673
674,fournisseur674,ville674
675,fournisseur675,ville675
676,fournisseur676,ville676
677,fournisseur677,ville677
678,fournisseur678,ville678
679,fournisseur679,ville679
680,fournisseur680,ville680
681,fournisseur681,ville681
682,fournisseur682,ville682
683,fournisseur683,ville683
684,fournisseur684,ville684
685,fournisseur685,ville685
686,fournisseur686,ville686
687,fournisseur687,ville687
688,fournisseur688,ville688
689,fournisseur689,ville689
690,fournisseur690,ville690
691,fournisseur691,ville691
692,fournisseur692,ville692
693,fournisseur693,ville693
694,fournisseur694,ville694
695,fournisseur695,ville695
696,fournisseur696,ville696
697,fournisseur697,ville697
698,fournisseur698,ville698
699,fournisseur699,ville699
700,fournisseur700,ville700
701,fournisseur701,ville701
702,fournisseur702,ville702
703,fournisseur703,ville703
704,fournisseur704,ville704
705,fournisseur705,ville705
706,fournisseur706,ville706
707,fournisseur707,ville707
708,fournisseur708,ville708
709,fournisseur709,ville709
710,fournisseur710,ville710
711,fournisseur711,ville711
712,fournisseur712,ville712
713,fournisseur713,ville713
714,fournisseur714,ville714
715,fournisseur715,ville715
716,fournisseur716,ville716
717,fournisseur717,ville717
718,fournisseur718,ville718
719,fournisseur719,ville719
720,fournisseur720,ville720
721,fournisseur721,ville721
722,fournisseur722,ville722
723,fournisseur723,ville723
724,fournisseur724,ville724
725,fournisseur725,ville725
726,fournisseur726,ville726
727,fournisseur727,ville727
728,fournisseur728,ville728
729,fournisseur729,ville729
730,fournisseur730,ville730
731,fournisseur731,ville731
732,fournisseur732,ville732
733,fournisseur733,ville733
734,fournisseur734,ville734
735,fournisseur735,ville735
736,fournisseur736,ville736
737,fournisseur737,ville737
738,fournisseur738,ville738
739,fournisseur739,ville739
740,fournisseur740,ville740
741,fournisseur741,ville741
742,fournisseur742,ville742
743,fournisseur743,ville743
744,fournisseur744,ville744
745,fournisseur745,ville745
746,fournisseur746,ville746
747,fournisseur747,ville747
748,fournisseur748,ville748
749,fournisseur749,ville749
750,fournisseur750,ville750
751,fournisseur751,ville751
752,fournisseur752,ville752
753,fournisseur753,ville753
754,fournisseur754,ville754
755,fournisseur755,ville755
756,fournisseur756,ville756
757,fournisseur757,ville757
758,fournisseur758,ville758
759,fournisseur759,ville759
760,fournisseur760,ville760
761,fournisseur761,ville761
762,fournisseur762,ville762
763,fournisseur763,ville763
764,fournisseur764,ville764
765,fournisseur765,ville765
766,fournisseur766,ville766
767,fournisseur767,ville767
768,fournisseur768,ville768
769,fournisseur769,ville769
770,fournisseur770,ville770
771,fournisseur771,ville771
772,fournisseur772,ville772
773,fournisseur773,ville773
774,fournisseur774,ville774
775,fournisseur775,ville775
776,fournisseur776,ville776
777,fournisseur777,ville777
778,fournisseur778,ville778
779,fournisseur779,ville779
780,fournisseur780,ville780
781,fournisseur781,ville781
782,fournisseur782,ville782
783,fournisseur783,ville783
784,fournisseur784,ville784
785,fournisseur785,ville785
786,fournisseur786,ville786
787,fournisseur787,ville787
788,fournisseur788,ville788
789,fournisseur789,ville789
790,fournisseur790,ville790
791,fournisseur791,ville791
792,fournisseur792,ville792
793,fournisseur793,ville793
794,fournisseur794,ville794
795,fournisseur795,ville795
796,fournisseur796,ville796
797,fournisseur797,ville797
798,fournisseur798,ville798
799,fournisseur799,ville799
800,fournisseur800,ville800
801,fournisseur801,ville801
802,fournisseur802,ville802
803,fournisseur803,ville803
804,fournisseur804,ville804
805,fournisseur805,ville805
806,fournisseur806,ville806
807,fournisseur807,ville807
808,fournisseur808,ville808
809,fournisseur809,ville809
810,fournisseur810,ville810
811,fournisseur811,ville811
812,fournisseur812,ville812
813,fournisseur813,ville813
814,fournisseur814,ville814
815,fournisseur815,ville815
816,fournisseur816,ville816
817,fournisseur817,ville817
818,fournisseur818,ville818
819,fournisseur819,ville819
820,fournisseur820,ville820
821,fournisseur821,ville821
822,fournisseur822,ville822
823,fournisseur823,ville823
824,fournisseur824,ville824
825,fournisseur825,ville825
826,fournisseur826,ville826
827,fournisseur827,ville827
828,fournisseur828,ville828
829,fournisseur829,ville829
830,fournisseur830,ville830
831,fournisseur831,ville831
832,fournisseur832,ville832
833,fournisseur833,ville833
834,fournisseur834,ville834
835,fournisseur835,ville835
836,fournisseur836,ville836
837,fournisseur837,ville837
838,fournisseur838,ville838
839,fournisseur839,ville839
840,fournisseur840,ville840
841,fournisseur841,ville841
842,fournisseur842,ville842
843,fournisseur843,ville843
844,fournisseur844,ville844
845,fournisseur845,ville845
846,fournisseur846,ville846
847,fournisseur847,ville847
848,fournisseur848,ville848
849,fournisseur849,ville849
850,fournisseur850,ville850
851,fournisseur851,ville851
852,fournisseur852,ville852
853,fournisseur853,ville853
854,fournisseur854,ville854
855,fournisseur855,ville855
856,fournisseur856,ville856
857,fournisseur857,ville857
858,fournisseur858,ville858
859,fournisseur859,ville859
860,fournisseur860,ville860
861,fournisseur861,ville861
862,fournisseur862,ville862
863,fournisseur863,ville863
864,fournisseur864,ville864
865,fournisseur865,ville865
866,fournisseur866,ville866
867,fournisseur867,ville867
868,fournisseur868,ville868
869,fournisseur869,ville869
870,fournisseur870,ville870
871,fournisseur871,ville871
872,fournisseur872,ville872
873,fournisseur873,ville873
874,fournisseur874,ville874
875,fournisseur875,ville875
876,fournisseur876,ville876
877,fournisseur877,ville877
878,fournisseur878,ville878
879,fournisseur879,ville879
880,fournisseur880,ville880
881,fournisseur881,ville881
882,fournisseur882,ville882
883,fournisseur883,ville883
884,fournisseur884,ville884
885,fournisseur885,ville885
886,fournisseur886,ville886
887,fournisseur887,ville887
888,fournisseur888,ville888
889,fournisseur889,ville889
890,fournisseur890,ville890
891,fournisseur891,ville891
892,fournisseur892,ville892
893,fournisseur893,ville893
894,fournisseur894,ville894
895,fournisseur895,ville895
896,fournisseur896,ville896
897,fournisseur897,ville897
898,fournisseur898,ville898
899,fournisseur899,ville899
900,fournisseur900,ville900
901,fournisseur901,ville901
902,fournisseur902,ville902
903,fournisseur903,ville903
904,fournisseur904,ville904
905,fournisseur905,ville905
906,fournisseur906,ville906
907,fournisseur907,ville907
908,fournisseur908,ville908
909,fournisseur909,ville909
910,fournisseur910,ville910
911,fournisseur911,ville911
912,fournisseur912,ville912
913,fournisseur913,ville913
914,fournisseur914,ville914
915,fournisseur915,ville915
916,fournisseur916,ville916
917,fournisseur917,ville917
918,fournisseur918,ville918
919,fournisseur919,ville919
920,fournisseur920,ville920
921,fournisseur921,ville921
922,fournisseur922,ville922
923,fournisseur923,ville923
924,fournisseur924,ville924
925,fournisseur925,ville925
926,fournisseur926,ville926
927,fournisseur927,ville927
928,fournisseur928,ville928
929,fournisseur929,ville929
930,fournisseur930,ville930
931,fournisseur931,ville931
932,fournisseur932,ville932
933,fournisseur933,ville933
934,fournisseur934,ville934
935,fournisseur935,ville935
936,fournisseur936,ville936
937,fournisseur937,ville937
938,fournisseur938,ville938
939,fournisseur939,ville939
940,fournisseur940,ville940
941,fournisseur941,ville941
942,fournisseur942,ville942
943,fournisseur943,ville943
944,fournisseur944,ville944
945,fournisseur945,ville945
946,fournisseur946,ville946
947,fournisseur947,ville947
948,fournisseur948,ville948
949,fournisseur949,ville949
950,fournisseur950,ville950
951,fournisseur951,ville951
952,fournisseur952,ville952
953,fournisseur953,ville953
954,fournisseur954,ville954
955,fournisseur955,ville955
956,fournisseur956,ville956
957,fournisseur957,ville957
958,fournisseur958,ville958
959,fournisseur959,ville959
960,fournisseur960,ville960
961,fournisseur961,ville961
962,fournisseur962,ville962
963,fournisseur963,ville963
964,fournisseur964,ville964
965,fournisseur965,ville965
966,fournisseur966,ville966
967,fournisseur967,ville967
968,fournisseur968,ville968
969,fournisseur969,ville969
970,fournisseur970,ville970
971,fournisseur971,ville971
972,fournisseur972,ville972
973,fournisseur973,ville973
974,fournisseur974,ville974
975,fournisseur975,ville975
976,fournisseur976,ville976
977,fournisseur977,ville977
978,fournisseur978,ville978
979,fournisseur979,ville979
980,fournisseur980,ville980
981,fournisseur981,ville981
982,fournisseur982,ville982
983,fournisseur983,ville983
984,fournisseur984,ville984
985,fournisseur985,ville985
986,fournisseur986,ville986
987,fournisseur987,ville987
988,fournisseur988,ville988
989,fournisseur989,ville989
990,fournisseur990,ville990
991,fournisseur991,ville991
992,fournisseur992,ville992
993,fournisseur993,ville993
994,fournisseur994,ville994
995,fournisseur995,ville995
996,fournisseur996,ville996
997,fournisseur997,ville997
998,fournisseur998,ville998
999,fournisseur999,ville999
1000,fournisseur1000,ville1000
